id,proba,label
15740,0.14709042012691498,0
4796,0.5676037669181824,1
17203,0.21906529366970062,0
8179,0.03912840783596039,0
30941,0.9420809149742126,1
71840,0.0017134920926764607,0
50921,0.00561893917620182,0
32489,0.006936164107173681,0
38794,0.9911500215530396,1
75310,0.001436001854017377,0
76803,0.004273679107427597,0
60425,0.0056632342748343945,0
13782,0.54137122631073,1
24890,0.022820845246315002,0
3218,0.005251867230981588,0
2937,0.17225545644760132,0
60792,0.009282385930418968,0
63425,0.15895843505859375,0
96013,0.0014398358762264252,0
68439,0.030446084216237068,0
38902,0.05932829529047012,0
74863,0.0007581475074402988,0
20396,0.0014933105558156967,0
51379,0.0014346130192279816,0
71824,0.0007048229454085231,0
72360,0.4537132680416107,0
78093,0.0015037417178973556,0
93602,0.0005545433377847075,0
42698,0.07439672946929932,0
9257,0.0010752216912806034,0
74895,0.014463852159678936,0
54701,0.19347158074378967,0
32198,0.725654125213623,1
60589,0.9430103302001953,1
96371,0.7316678762435913,1
59604,0.9913378953933716,1
34571,0.013617376796901226,0
60837,0.9067836999893188,1
12945,0.050697654485702515,0
73964,0.12247031182050705,0
86423,0.09071462601423264,0
43186,0.9936177730560303,1
49873,0.9434317350387573,1
49306,0.9345801472663879,1
40596,0.002701371442526579,0
4851,0.0016486318781971931,0
86302,0.8848535418510437,1
59120,0.0032821577042341232,0
52809,0.8702126741409302,1
50498,0.6087347269058228,1
6738,0.0012776204384863377,0
8679,0.8310906291007996,1
8245,0.008897715248167515,0
59482,0.010127199813723564,0
70341,0.0007717038388364017,0
24560,0.37318313121795654,0
60158,0.3331677317619324,0
21658,0.9554364681243896,1
19870,0.8859374523162842,1
10536,0.7846266031265259,1
4567,0.6552123427391052,1
74308,0.3077237606048584,0
42609,0.4206928610801697,0
67209,0.22150976955890656,0
64019,0.4773572087287903,0
28069,0.0021868536714464426,0
60534,0.9900680780410767,1
38601,0.0017091736663132906,0
12804,0.9891413450241089,1
27103,0.5553302764892578,1
36047,0.31871935725212097,0
36927,0.046376168727874756,0
8612,0.017953796312212944,0
78259,0.0011220889864489436,0
79160,0.1416717767715454,0
49580,0.3202053904533386,0
38125,0.08488418906927109,0
31482,0.0019873843993991613,0
52179,0.000594206852838397,0
72398,0.9913499355316162,1
43925,0.004588594194501638,0
60278,0.9057449102401733,1
17094,0.0009157534223049879,0
52804,0.0016381096793338656,0
28164,0.017053307965397835,0
68759,0.06994172185659409,0
18953,0.016231181100010872,0
86259,0.009123925119638443,0
49713,0.0039007191080600023,0
62038,0.0035703920293599367,0
32698,0.5478307008743286,1
32904,0.09100394695997238,0
93756,0.23052352666854858,0
69743,0.02818920835852623,0
8673,0.011296059936285019,0
3742,0.0030286971013993025,0
23765,0.15892721712589264,0
69514,0.21112069487571716,0
38569,0.012826001271605492,0
67015,0.9814350605010986,1
89701,0.4777686893939972,0
36752,0.3096827268600464,0
53021,0.8730028867721558,1
32149,0.39720049500465393,0
35079,0.9271817207336426,1
41082,0.14334137737751007,0
34568,0.09342427551746368,0
34218,0.0669022873044014,0
25896,0.10007762908935547,0
51670,0.990802526473999,1
54738,0.008022839203476906,0
57846,0.015219162218272686,0
70394,0.9858917593955994,1
51389,0.9749479293823242,1
79132,0.9217377305030823,1
48016,0.9664294719696045,1
68457,0.1109035462141037,0
45367,0.0010560558876022696,0
41627,0.029799634590744972,0
68510,0.1257590800523758,0
30519,0.9904828071594238,1
58317,0.38643133640289307,0
76019,0.15041688084602356,0
29348,0.5402997136116028,1
3485,0.0016851560212671757,0
30894,0.45030349493026733,0
21654,0.23034240305423737,0
29035,0.9393104910850525,1
76598,0.046063993126153946,0
60182,0.008520846255123615,0
36104,0.9795801043510437,1
51368,0.516840398311615,1
96451,0.008028602227568626,0
30915,0.29965338110923767,0
27096,0.6252968907356262,1
82574,0.939197838306427,1
78263,0.9488490223884583,1
67518,0.015388943254947662,0
61759,0.0019254403887316585,0
15392,0.002996130147948861,0
91570,0.0008230734965763986,0
92864,0.0015109104570001364,0
46802,0.0006544393254444003,0
86320,0.00937171746045351,0
56243,0.001437947852537036,0
34762,0.7875767946243286,1
47026,0.9720773696899414,1
86930,0.0009089433588087559,0
17340,0.2631569504737854,0
92108,0.0011011442402377725,0
23879,0.005481028463691473,0
74365,0.8038537502288818,1
63582,0.0016017525922507048,0
58412,0.0015626215608790517,0
79142,0.043647728860378265,0
28364,0.003465627785772085,0
1762,0.005250661633908749,0
96057,0.8387848138809204,1
4687,0.0012389986077323556,0
49127,0.0006929391529411077,0
70653,0.5338124632835388,1
1562,0.014231415465474129,0
95203,0.9318938255310059,1
95213,0.9915332198143005,1
32809,0.0008666075300425291,0
81239,0.5573527216911316,1
12493,0.008869674056768417,0
91487,0.1785241663455963,0
4638,0.031110338866710663,0
15324,0.0010184174170717597,0
75014,0.001123354653827846,0
8269,0.0043738605454564095,0
72481,0.10165770351886749,0
91625,0.9693246483802795,1
48629,0.0008791198488324881,0
98015,0.026776723563671112,0
98310,0.0667467713356018,0
8697,0.3088515102863312,0
69875,0.007173304911702871,0
25641,0.023734474554657936,0
2567,0.4828198254108429,0
29637,0.9912618398666382,1
46035,0.013832184486091137,0
31672,0.0011645316844806075,0
37824,0.19729778170585632,0
85796,0.24498394131660461,0
6453,0.0006869634380564094,0
54982,0.16571836173534393,0
24517,0.9822477698326111,1
90451,0.001609877566806972,0
58437,0.04126189649105072,0
63951,0.8228063583374023,1
54721,0.008211417123675346,0
38579,0.9844809770584106,1
20148,0.0005630098166875541,0
37496,0.48158764839172363,0
97401,0.0202645156532526,0
78023,0.002976059215143323,0
51926,0.012175927869975567,0
18654,0.6274340152740479,1
16735,0.14919359982013702,0
81439,0.057894907891750336,0
3985,0.8775004744529724,1
29716,0.0005630779778584838,0
52798,0.04866883531212807,0
12630,0.0013773632235825062,0
67490,0.07501369714736938,0
35627,0.2663002908229828,0
29071,0.14083586633205414,0
10746,0.41381484270095825,0
47593,0.05207554250955582,0
71983,0.7472327351570129,1
5819,0.7313397526741028,1
78169,0.5274292826652527,1
42895,0.23138727247714996,0
12765,0.0007639479590579867,0
71543,0.0021193509455770254,0
28053,0.9849741458892822,1
75492,0.8585915565490723,1
19284,0.0012927717762067914,0
54236,0.9550555348396301,1
38097,0.13115178048610687,0
75084,0.46471288800239563,0
47280,0.11933714151382446,0
61748,0.0007051394204609096,0
8129,0.9028546214103699,1
96753,0.2542726993560791,0
95421,0.007115564774721861,0
54968,0.001867692219093442,0
3612,0.798454999923706,1
9237,0.055584680289030075,0
89371,0.016617394983768463,0
19682,0.008124148473143578,0
74619,0.07480418682098389,0
36792,0.07230307906866074,0
6594,0.9501873254776001,1
42530,0.13871078193187714,0
27805,0.9734748601913452,1
30495,0.5420240163803101,1
31587,0.9841716885566711,1
53196,0.0016461170744150877,0
20198,0.006771200802177191,0
12638,0.9863274097442627,1
45913,0.0026258991565555334,0
64370,0.000681558798532933,0
14896,0.06390136480331421,0
25316,0.9377303123474121,1
41738,0.7331421375274658,1
30624,0.02604873664677143,0
95876,0.0351506806910038,0
7284,0.008647201582789421,0
9174,0.987677276134491,1
42867,0.0012856764951720834,0
14579,0.0020985042210668325,0
20836,0.0014786694664508104,0
73612,0.2211676985025406,0
95027,0.0011770607670769095,0
96408,0.12761881947517395,0
62754,0.9848036766052246,1
43627,0.07291258871555328,0
67324,0.11166757345199585,0
90187,0.0013643645215779543,0
7425,0.052381545305252075,0
7328,0.01608864776790142,0
60857,0.5646205544471741,1
8769,0.01062784530222416,0
79625,0.28030282258987427,0
65891,0.031534817069768906,0
71250,0.0009075254201889038,0
98315,0.0014361270004883409,0
80634,0.0013725725002586842,0
6731,0.027554014697670937,0
6432,0.08720491081476212,0
32657,0.0011737239547073841,0
83124,0.000829931115731597,0
14890,0.27928659319877625,0
84903,0.9347021579742432,1
73129,0.3207101821899414,0
20958,0.9029945135116577,1
86521,0.9942978024482727,1
40586,0.6055111289024353,1
93045,0.6423541307449341,1
83567,0.5308674573898315,1
36271,0.002815977204591036,0
60435,0.0024786381982266903,0
93810,0.003069813596084714,0
86502,0.7117271423339844,1
12930,0.002889864146709442,0
75431,0.38418489694595337,0
8153,0.045597076416015625,0
34082,0.9512811899185181,1
53067,0.5100480914115906,1
48965,0.0007669564802199602,0
27961,0.04483332112431526,0
59063,0.9158898591995239,1
31427,0.00186421989928931,0
63479,0.3940044641494751,0
26093,0.00423513725399971,0
2183,0.9834626317024231,1
10965,0.13902729749679565,0
75981,0.0005216961144469678,0
82193,0.9236235618591309,1
15632,0.9770530462265015,1
78502,0.31277281045913696,0
95438,0.9846179485321045,1
49205,0.3654804229736328,0
34682,0.021868674084544182,0
78643,0.0005522969295270741,0
75128,0.5374457240104675,1
4519,0.9934331178665161,1
25739,0.3714348077774048,0
61983,0.710757315158844,1
52193,0.00199642195366323,0
80324,0.45932331681251526,0
38946,0.9892528653144836,1
15749,0.8792171478271484,1
65430,0.8362163305282593,1
59420,0.9569950699806213,1
26590,0.1635691225528717,0
63075,0.07436198741197586,0
31509,0.35982754826545715,0
57129,0.31936490535736084,0
79256,0.9357390999794006,1
7934,0.05144224315881729,0
59763,0.0006605355883948505,0
1834,0.0006068997317925096,0
59874,0.0007696797838434577,0
45798,0.0009100604220293462,0
65107,0.007743536494672298,0
39751,0.0007439602049998939,0
78146,0.015957167372107506,0
32795,0.0006256451015360653,0
60714,0.002627461915835738,0
4957,0.8761506676673889,1
12394,0.021954191848635674,0
2564,0.7183416485786438,1
71023,0.4392228126525879,0
97642,0.994106650352478,1
58369,0.012635903432965279,0
31850,0.015246558003127575,0
84135,0.008473239839076996,0
28967,0.42274177074432373,0
62594,0.0007328031933866441,0
67410,0.45391762256622314,0
43256,0.019542109221220016,0
86035,0.9917811751365662,1
53961,0.07887100428342819,0
74069,0.0007825511856935918,0
52678,0.0009808270260691643,0
65927,0.2928019165992737,0
97185,0.3999115526676178,0
20314,0.0005961463903076947,0
97852,0.0016321695875376463,0
38056,0.06577328592538834,0
43861,0.0062718880362808704,0
48957,0.9965920448303223,1
20341,0.5184903740882874,1
50863,0.018923919647932053,0
15387,0.003689524717628956,0
1758,0.001991182565689087,0
38169,0.6154024004936218,1
65802,0.0014862557873129845,0
81329,0.009382803924381733,0
98735,0.2765575349330902,0
32964,0.004602222237735987,0
69375,0.22151200473308563,0
1368,0.995888888835907,1
97012,0.14350581169128418,0
54012,0.9139338135719299,1
51738,0.0005965761374682188,0
50416,0.9772218465805054,1
72390,0.9852250218391418,1
97241,0.7311162948608398,1
95237,0.000883047585375607,0
39610,0.8023744821548462,1
78495,0.9827039837837219,1
62415,0.6708401441574097,1
58760,0.016999591141939163,0
71843,0.3878881335258484,0
17263,0.0013474931474775076,0
98602,0.7145136594772339,1
59127,0.914705753326416,1
68045,0.0006076866411603987,0
76984,0.3904905915260315,0
2879,0.6424438953399658,1
53764,0.01859455555677414,0
30428,0.006191470194607973,0
49510,0.009673057124018669,0
5962,0.960655689239502,1
36708,0.26229140162467957,0
13649,0.000811749545391649,0
37854,0.03254006430506706,0
56810,0.8829573392868042,1
31928,0.0023497650399804115,0
46093,0.7372639179229736,1
16798,0.0007005615625530481,0
4763,0.003115555038675666,0
91403,0.915192723274231,1
48536,0.0015450683422386646,0
31705,0.007864872924983501,0
87549,0.9953278303146362,1
28097,0.0018244088860228658,0
12396,0.3720736801624298,0
53691,0.5393520593643188,1
30594,0.8704609870910645,1
50678,0.997014045715332,1
94025,0.6064323782920837,1
15023,0.0009686770499683917,0
23056,0.08587340265512466,0
76548,0.39563947916030884,0
58613,0.11015018820762634,0
37095,0.04060931131243706,0
61835,0.0011109128827229142,0
34902,0.2668854892253876,0
75416,0.01748831570148468,0
61938,0.0008628441719338298,0
62513,0.0008588535129092634,0
98365,0.002754072193056345,0
84793,0.0005814972100779414,0
84730,0.5457081198692322,1
79150,0.0010650630574673414,0
15302,0.9936927556991577,1
12378,0.820007860660553,1
65803,0.11295871436595917,0
86301,0.006742839701473713,0
21683,0.25002577900886536,0
8419,0.18288512527942657,0
62107,0.0020777536556124687,0
85267,0.9553680419921875,1
50627,0.0010554242180660367,0
87432,0.49826711416244507,0
45682,0.018978308886289597,0
69731,0.0036664006765931845,0
57240,0.0010392892872914672,0
92315,0.0006936368299648166,0
98613,0.3416765630245209,0
50794,0.3700290620326996,0
34208,0.9518033862113953,1
70893,0.5550548434257507,1
75608,0.9134028553962708,1
75418,0.027338143438100815,0
42659,0.7179630994796753,1
98401,0.020128482952713966,0
26705,0.9885851740837097,1
72193,0.43324536085128784,0
48063,0.0015226071700453758,0
53872,0.14580366015434265,0
9461,0.5170508623123169,1
38261,0.027965959161520004,0
64219,0.001662544091232121,0
41027,0.006837272550910711,0
59628,0.9635407328605652,1
1278,0.0007282564183697104,0
82436,0.033652111887931824,0
80314,0.0010513209272176027,0
37264,0.9253140091896057,1
17534,0.0009434348903596401,0
47652,0.16524487733840942,0
9316,0.9879747629165649,1
29607,0.0007914321031421423,0
73851,0.9948233366012573,1
37890,0.4938490688800812,0
28571,0.9992499947547913,1
43795,0.001935375272296369,0
59836,0.7353121042251587,1
32856,0.0008271446567960083,0
61479,0.0023644317407160997,0
7315,0.0008689023670740426,0
98706,0.9304247498512268,1
25460,0.006944607011973858,0
9436,0.9666795134544373,1
54260,0.20548731088638306,0
8514,0.0031448761001229286,0
5827,0.0019984636455774307,0
26084,0.21115821599960327,0
19820,0.7877818942070007,1
16382,0.9486536979675293,1
94217,0.5332585573196411,1
62174,0.814760684967041,1
78594,0.9536756277084351,1
3562,0.000903247157111764,0
68957,0.0008506175363436341,0
96725,0.9689351320266724,1
43897,0.06344142556190491,0
83617,0.002332801930606365,0
68541,0.8024144768714905,1
56178,0.1741231232881546,0
37201,0.8218746185302734,1
38726,0.1314980685710907,0
79432,0.23274053633213043,0
89473,0.004830780904740095,0
23150,0.9984083771705627,1
91748,0.010049986653029919,0
95608,0.8842584490776062,1
67018,0.13611172139644623,0
36970,0.5543198585510254,1
29847,0.0005537879769690335,0
69820,0.0008429917506873608,0
93185,0.013835825957357883,0
40231,0.0006979273166507483,0
96124,0.10963797569274902,0
79810,0.001142101245932281,0
48769,0.0007038225303404033,0
6831,0.492671936750412,0
59076,0.0077528078109025955,0
80429,0.0020314869470894337,0
14796,0.00928449910134077,0
14876,0.4852965772151947,0
21036,0.8518696427345276,1
83421,0.7203536629676819,1
36852,0.8808630704879761,1
96241,0.5672977566719055,1
48302,0.005177113693207502,0
71420,0.9397530555725098,1
58976,0.0008642218890599906,0
74103,0.9803600907325745,1
18704,0.0024052727967500687,0
70698,0.11893066763877869,0
94012,0.02532084658741951,0
9632,0.0013671781634911895,0
4925,0.4261404275894165,0
24601,0.0020418998319655657,0
59814,0.007281844969838858,0
86572,0.20933786034584045,0
34016,0.9884368777275085,1
71563,0.0004327485803514719,0
4897,0.0021223067305982113,0
47590,0.0022208401933312416,0
4371,0.9875984787940979,1
47063,0.4875510036945343,0
86923,0.44049280881881714,0
6154,0.42172971367836,0
85071,0.0006133777787908912,0
29857,0.0022173230536282063,0
54187,0.4379696547985077,0
56312,0.005590367596596479,0
70645,0.0006524063646793365,0
43596,0.6769648790359497,1
35704,0.2625153958797455,0
51024,0.9952384233474731,1
76945,0.6250016093254089,1
63017,0.9926417469978333,1
62143,0.9309794306755066,1
93517,0.18286442756652832,0
94051,0.1525615006685257,0
4932,0.862485945224762,1
67539,0.02133232168853283,0
98341,0.0018621882190927863,0
81642,0.979541003704071,1
35726,0.9913341403007507,1
3692,0.17013853788375854,0
37942,0.0018644928932189941,0
96145,0.9882869124412537,1
18043,0.0009011126821860671,0
30497,0.0006239259382709861,0
74910,0.07246741652488708,0
14056,0.8255718350410461,1
20634,0.0010790074011310935,0
50638,0.008684901520609856,0
4632,0.41913288831710815,0
63287,0.026956945657730103,0
16745,0.9899167418479919,1
78036,0.650123655796051,1
38952,0.0010060895001515746,0
48160,0.5997077822685242,1
20859,0.12631264328956604,0
27369,0.014386884868144989,0
40327,0.00883238110691309,0
70234,0.9813188314437866,1
30427,0.965440034866333,1
30246,0.007178050931543112,0
49603,0.8262594938278198,1
37269,0.9715456366539001,1
92843,0.004396707285195589,0
93478,0.014707122929394245,0
81056,0.3875102996826172,0
87206,0.5440722703933716,1
97062,0.7084343433380127,1
14750,0.16602349281311035,0
4739,0.06501069664955139,0
26981,0.0730714276432991,0
40876,0.0030035877134650946,0
70325,0.006037570536136627,0
34502,0.25440967082977295,0
45893,0.966601550579071,1
97406,0.8441259264945984,1
85219,0.0005949821788817644,0
81549,0.0018358391243964434,0
37458,0.01577194407582283,0
12089,0.990736186504364,1
45196,0.0027678327169269323,0
83520,0.0009954983834177256,0
82039,0.018598157912492752,0
23516,0.9623644948005676,1
60217,0.9099366664886475,1
23105,0.004634449258446693,0
70964,0.9948817491531372,1
5431,0.01871122233569622,0
80157,0.945763885974884,1
67234,0.8954082727432251,1
35972,0.002254912629723549,0
84619,0.0009746216819621623,0
9216,0.08241239935159683,0
75028,0.8670289516448975,1
94163,0.9155008792877197,1
85642,0.0012855258537456393,0
70641,0.0006478577852249146,0
13574,0.8938561081886292,1
42571,0.012790688313543797,0
89403,0.9463746547698975,1
19623,0.9937572479248047,1
96425,0.22820571064949036,0
64257,0.9848406910896301,1
28165,0.09383071213960648,0
40397,0.0012241662479937077,0
7816,0.01953091286122799,0
51467,0.18987317383289337,0
52896,0.70872962474823,1
85129,0.018086234107613564,0
7913,0.0010563385440036654,0
72618,0.7737621068954468,1
59360,0.04084742069244385,0
52871,0.008237546309828758,0
92358,0.997767448425293,1
9786,0.413485586643219,0
60784,0.3363993167877197,0
61847,0.11943648010492325,0
52397,0.9385398030281067,1
75396,0.9702062606811523,1
52187,0.8765968084335327,1
68529,0.9811197519302368,1
80695,0.9592176675796509,1
58063,0.987581729888916,1
70293,0.46265122294425964,0
13259,0.0027508591301739216,0
61897,0.0033043534494936466,0
83591,0.9749719500541687,1
10642,0.1399364471435547,0
75240,0.0008479304378852248,0
89765,0.002154763089492917,0
63195,0.1474362313747406,0
94718,0.0012599030742421746,0
23749,0.9483744502067566,1
29645,0.9907041192054749,1
43976,0.6933465003967285,1
50981,0.9985159039497375,1
58142,0.0783170834183693,0
56018,0.2585408687591553,0
59341,0.9810683131217957,1
87563,0.04373062402009964,0
53640,0.8574368953704834,1
7352,0.000842827430460602,0
86137,0.2004513293504715,0
90275,0.0006105370703153312,0
5192,0.9672243595123291,1
96027,0.05155641958117485,0
87106,0.7667960524559021,1
87236,0.2833627462387085,0
35478,0.03483085334300995,0
94210,0.0029064766131341457,0
59860,0.9997807145118713,1
2934,0.002735760761424899,0
49716,0.0007342236349359155,0
65372,0.9821658730506897,1
28543,0.000899283098988235,0
91648,0.5333849191665649,1
26437,0.0015460618305951357,0
63198,0.0006587307434529066,0
23967,0.006872884929180145,0
29481,0.7581242918968201,1
84750,0.011093586683273315,0
32761,0.9325274229049683,1
64208,0.0023769112303853035,0
83259,0.29585209488868713,0
85601,0.9907770156860352,1
37950,0.04726899415254593,0
90132,0.0005459659732878208,0
43017,0.2634899616241455,0
24398,0.6498020887374878,1
28791,0.17019793391227722,0
19382,0.20245470106601715,0
51479,0.4888518750667572,0
80915,0.001216208329424262,0
54316,0.9840105175971985,1
23706,0.9732843041419983,1
86309,0.9935120940208435,1
61047,0.0009182977955788374,0
79230,0.02757369540631771,0
95036,0.0007967238198034465,0
27145,0.0020243090111762285,0
62915,0.05350932478904724,0
16584,0.00834098644554615,0
57409,0.0017882294487208128,0
13908,0.0007386160432361066,0
14582,0.5820485949516296,1
49012,0.4815928339958191,0
12709,0.9975661039352417,1
28564,0.8606524467468262,1
61489,0.10874265432357788,0
74810,0.05018264427781105,0
38679,0.0006577354506589472,0
93584,0.8541573882102966,1
81604,0.0027853583451360464,0
85473,0.2705361843109131,0
75304,0.11420506238937378,0
53897,0.3292355537414551,0
4298,0.2614832818508148,0
52190,0.5929915308952332,1
57046,0.35802164673805237,0
96781,0.022088823840022087,0
20975,0.0005848388536833227,0
54287,0.963523268699646,1
93712,0.9968124032020569,1
65190,0.12768782675266266,0
48023,0.9948431253433228,1
29417,0.2436487078666687,0
45869,0.09565996378660202,0
58394,0.0008683482301421463,0
53082,0.12725873291492462,0
40536,0.49044424295425415,0
31976,0.9358630776405334,1
2683,0.0035115398932248354,0
72309,0.6154108643531799,1
24306,0.051418840885162354,0
70498,0.9540983438491821,1
93784,0.0021215868182480335,0
52103,0.10795720666646957,0
52894,0.0017131357453763485,0
27450,0.6612998247146606,1
6287,0.0009178672917187214,0
12690,0.056094713509082794,0
8925,0.987241268157959,1
96327,0.8499645590782166,1
30865,0.9898518323898315,1
5187,0.2224690020084381,0
24716,0.001771613722667098,0
68705,0.0021001186687499285,0
94365,0.003967081196606159,0
10647,0.9767268896102905,1
98013,0.9890066385269165,1
28916,0.9935029149055481,1
92640,0.08548195660114288,0
80253,0.1308770626783371,0
64951,0.042388204485177994,0
25413,0.0008091466152109206,0
17934,0.999365508556366,1
18732,0.16451728343963623,0
49052,0.9930523633956909,1
23508,0.5827450752258301,1
20651,0.0005210540839470923,0
6839,0.001287946361117065,0
45163,0.9746715426445007,1
10537,0.1470852792263031,0
12594,0.0019548183772712946,0
84657,0.9988229870796204,1
86405,0.0022874886635690928,0
60315,0.017777569591999054,0
92853,0.8772662878036499,1
79218,0.03861476480960846,0
42579,0.07949919253587723,0
72306,0.9253466725349426,1
31957,0.9986300468444824,1
32604,0.36546996235847473,0
81926,0.19299358129501343,0
45217,0.0006193821900524199,0
37640,0.0008937368402257562,0
76249,0.05651352182030678,0
58239,0.0005577642004936934,0
84372,0.0007044188096188009,0
75183,0.0008298097527585924,0
67419,0.08630138635635376,0
17562,0.0010856587905436754,0
21694,0.4698135554790497,0
25710,0.0033848865423351526,0
93158,0.0015153607819229364,0
98120,0.0012852908112108707,0
98156,0.0030570158269256353,0
64081,0.0023889930453151464,0
85274,0.6930055618286133,1
10397,0.1876453161239624,0
73592,0.7813980579376221,1
93642,0.7353683114051819,1
23876,0.0006316852523013949,0
53647,0.1055712178349495,0
92607,0.0011970129562541842,0
62740,0.0019355271942913532,0
12065,0.0983482152223587,0
49307,0.004405285697430372,0
64537,0.0011872289469465613,0
1723,0.000630194554105401,0
4982,0.8133168816566467,1
78513,0.0005976494867354631,0
1567,0.0012790748151019216,0
14785,0.000800154113676399,0
28306,0.007247566245496273,0
75439,0.015536710619926453,0
72519,0.0024303996469825506,0
68017,0.018879806622862816,0
59781,0.88560551404953,1
53712,0.0017371312715113163,0
57264,0.0009547735680826008,0
60597,0.0010615289211273193,0
31647,0.00994172040373087,0
16289,0.8467199802398682,1
45270,0.0006230144645087421,0
36408,0.0006434188107959926,0
41283,0.3741258978843689,0
7398,0.0007556533091701567,0
13475,0.0015830270713195205,0
83514,0.037692636251449585,0
68350,0.014770620502531528,0
1689,0.19917787611484528,0
41257,0.0032503248658031225,0
4165,0.006468296051025391,0
5694,0.0016744679305702448,0
26813,0.0006427715998142958,0
52739,0.0011445251293480396,0
32548,0.36148160696029663,0
89104,0.0010344155598431826,0
49602,0.6909897327423096,1
16807,0.003719587344676256,0
38274,0.0007811848190613091,0
37429,0.0036498692352324724,0
18067,0.0006426111212931573,0
36718,0.0006313181365840137,0
26754,0.0018963477341458201,0
97143,0.0006032807868905365,0
80546,0.010325554758310318,0
97512,0.05619968846440315,0
28015,0.004719139542430639,0
62394,0.9062985777854919,1
46573,0.005216130521148443,0
28407,0.0008976079407148063,0
10348,0.3404707908630371,0
72645,0.0010656482772901654,0
19253,0.0008919341489672661,0
6245,0.0005466053262352943,0
21507,0.0004965090192854404,0
94576,0.9986332058906555,1
39417,0.0023043532855808735,0
84203,0.7432664632797241,1
40319,0.004480474162846804,0
2138,0.005032760091125965,0
90283,0.0007416589069180191,0
46879,0.0795011967420578,0
52940,0.043717291206121445,0
50912,0.8785130977630615,1
52916,0.0014874771004542708,0
36592,0.08211830258369446,0
25408,0.0012139856116846204,0
54137,0.0005745654343627393,0
67025,0.022654077038168907,0
49813,0.008471154607832432,0
15327,0.0005657718284055591,0
52069,0.0009997183224186301,0
48295,0.0040743728168308735,0
59634,0.5917484164237976,1
35261,0.059408847242593765,0
18475,0.0010041225468739867,0
30978,0.9405675530433655,1
42869,0.09726760536432266,0
68743,0.0020104253198951483,0
47305,0.01934892311692238,0
25380,0.9966444969177246,1
87329,0.23582345247268677,0
24798,0.0005435359780676663,0
29316,0.0011090787593275309,0
90617,0.010114639066159725,0
31592,0.8460907936096191,1
20316,0.0005387532874010503,0
30971,0.10375146567821503,0
28576,0.1432039886713028,0
48327,0.006169114727526903,0
19840,0.15618066489696503,0
24301,0.0010705797467380762,0
78042,0.0005274094874039292,0
26457,0.9080950617790222,1
16804,0.27459898591041565,0
83016,0.002009610179811716,0
21597,0.006423983257263899,0
50816,0.0006580245099030435,0
41658,0.9104206562042236,1
41967,0.0011690902756527066,0
32785,0.0010756503324955702,0
56023,0.9912800192832947,1
38917,0.01311606727540493,0
41863,0.051868680864572525,0
62781,0.47969135642051697,0
84732,0.13013163208961487,0
98326,0.2536331117153168,0
30261,0.02272261679172516,0
73456,0.3010951280593872,0
68295,0.001449460512958467,0
13947,0.2904161214828491,0
63082,0.0008660106686875224,0
3527,0.001045892364345491,0
10627,0.0027169690001755953,0
19780,0.0006415955140255392,0
98513,0.014858685433864594,0
67820,0.0015557989245280623,0
41072,0.0015149235259741545,0
49830,0.0009237815975211561,0
18054,0.0026321534533053637,0
9812,0.9852818846702576,1
93581,0.0007840971811674535,0
18509,0.39266496896743774,0
6328,0.2148670107126236,0
39187,0.002008195500820875,0
94782,0.00820703525096178,0
60897,0.003352659521624446,0
31624,0.0006267999997362494,0
53148,0.7547719478607178,1
13567,0.001194056705571711,0
73825,0.0011008883593603969,0
74521,0.0004680431738961488,0
18642,0.00880592130124569,0
32054,0.0021255032625049353,0
27148,0.0010273297084495425,0
58621,0.9980210065841675,1
13568,0.0012645405950024724,0
69824,0.001551441615447402,0
84017,0.0007555647171102464,0
5748,0.0009244701941497624,0
46759,0.9354883432388306,1
69273,0.021942216902971268,0
78240,0.0036428149323910475,0
91243,0.0031766227912157774,0
14682,0.0006256396882236004,0
68491,0.029342828318476677,0
4978,0.02732457034289837,0
60834,0.0009990575490519404,0
90512,0.00048060406697914004,0
72408,0.0005773839075118303,0
27958,0.006718774791806936,0
27305,0.0018683536909520626,0
57462,0.0005458726081997156,0
40958,0.0005695947911590338,0
25931,0.0008380549261346459,0
14073,0.001099064014852047,0
61308,0.0010039317421615124,0
51849,0.0006150807021185756,0
52489,0.4722609519958496,0
91365,0.07610417157411575,0
2417,0.0038192954380065203,0
56089,0.0004957017954438925,0
36051,0.11283792555332184,0
68543,0.001337297260761261,0
97238,0.000985725549980998,0
14872,0.0007416058797389269,0
19627,0.004731235560029745,0
27310,0.002857215702533722,0
89673,0.0015358186792582273,0
43276,0.0010755202965810895,0
95428,0.002128241816535592,0
87941,0.0010156091302633286,0
29187,0.0010342667810618877,0
41237,0.0026792800053954124,0
45018,0.03556225448846817,0
27609,0.08217395097017288,0
25684,0.002352076815441251,0
6281,0.0009013660019263625,0
35806,0.5301176309585571,1
3581,0.0012893566163256764,0
5239,0.0015213824808597565,0
63704,0.0005684851203113794,0
92605,0.00561979366466403,0
91274,0.0011575850658118725,0
23801,0.27939683198928833,0
12568,0.0024947598576545715,0
67284,0.0011796312173828483,0
56120,0.000919486687052995,0
42803,0.0005267004016786814,0
54219,0.007296996656805277,0
13972,0.0005943666328676045,0
10836,0.010506823658943176,0
14527,0.04429009184241295,0
93162,0.05800997465848923,0
61358,0.031215591356158257,0
79413,0.0009786325972527266,0
28541,0.019198572263121605,0
43125,0.0019378765719011426,0
20769,0.004107180051505566,0
42605,0.0011244392953813076,0
64037,0.002969493390992284,0
89241,0.0013251497875899076,0
81930,0.026250449940562248,0
74039,0.001376248081214726,0
73068,0.9242282509803772,1
62498,0.25083282589912415,0
9317,0.0013130202423781157,0
56342,0.004572005942463875,0
97263,0.24098441004753113,0
83947,0.0014263074845075607,0
35916,0.19592581689357758,0
43950,0.06098104640841484,0
58203,0.0008209914085455239,0
85361,0.0006689744768664241,0
17462,0.0007844095234759152,0
98437,0.0007270472124218941,0
78016,0.0010860043112188578,0
73140,0.0010565253905951977,0
36142,0.09161898493766785,0
52860,0.001296508708037436,0
67594,0.6793606281280518,1
21846,0.0028713138308376074,0
47025,0.040618617087602615,0
53167,0.09214993566274643,0
8145,0.0017961764242500067,0
40518,0.000819100474473089,0
25604,0.9879487752914429,1
49237,0.0007372426916845143,0
16470,0.0006350994808599353,0
81746,0.0007968078134581447,0
53972,0.001216772710904479,0
65409,0.025571471080183983,0
60574,0.0021458726841956377,0
83754,0.9638423323631287,1
8659,0.05747392773628235,0
38907,0.0017052281182259321,0
90653,0.8710337281227112,1
74580,0.04553447663784027,0
56307,0.0013566775014624,0
70268,0.0010124085238203406,0
32478,0.6807857751846313,1
93624,0.0018925446784123778,0
54391,0.002086465712636709,0
6783,0.5105275511741638,1
84123,0.9307847023010254,1
74209,0.009811369702219963,0
3926,0.03204357624053955,0
81276,0.010775668546557426,0
18794,0.07191169261932373,0
65097,0.0006799984257668257,0
45820,0.0008179438300430775,0
7415,0.004607673268765211,0
8374,0.0007671929779462516,0
52074,0.0352771058678627,0
51920,0.001294814981520176,0
65127,0.001847711973823607,0
63270,0.0005178079009056091,0
9825,0.9492403864860535,1
8426,0.0013568294234573841,0
68027,0.0007070525316521525,0
31905,0.000629513815511018,0
29176,0.0007010327535681427,0
63542,0.12162702530622482,0
27654,0.005836163181811571,0
75962,0.026237517595291138,0
71035,0.006720538251101971,0
95162,0.07044079154729843,0
20893,0.0009411648497916758,0
37891,0.0025662260595709085,0
82630,0.0006738991942256689,0
23941,0.995751142501831,1
76830,0.0021887754555791616,0
83470,0.016183461993932724,0
98361,0.0011721824994310737,0
63458,0.9652326107025146,1
67584,0.004706815350800753,0
5374,0.6408082842826843,1
78614,0.000803460949100554,0
24850,0.001224435749463737,0
76012,0.000819139473605901,0
93254,0.9821202158927917,1
67598,0.016137678176164627,0
32071,0.0005905516445636749,0
31695,0.08465167880058289,0
94172,0.004797426983714104,0
46201,0.0008076459635049105,0
93486,0.0051589892245829105,0
60783,0.0010040471097454429,0
74205,0.0005963720032013953,0
72054,0.0010443900246173143,0
45132,0.05101632699370384,0
83925,0.0009526718058623374,0
26739,0.001856519840657711,0
6827,0.09082814306020737,0
57326,0.00047916683251969516,0
47539,0.0007560307858511806,0
9375,0.0005172737292014062,0
47935,0.0031542624346911907,0
58460,0.0009582776692695916,0
86209,0.011974280700087547,0
38061,0.05644265189766884,0
34261,0.0011299734469503164,0
29043,0.0009197246399708092,0
14367,0.0011887646978721023,0
10634,0.00806962139904499,0
70182,0.07797949016094208,0
46892,0.0014747277600690722,0
40237,0.09865762293338776,0
17324,0.025239234790205956,0
2587,0.001180050428956747,0
94608,0.007724273484200239,0
26159,0.006248651538044214,0
41320,0.01944076269865036,0
39078,0.9319833517074585,1
19423,0.0007756696431897581,0
81295,0.041149500757455826,0
32596,0.005522464867681265,0
83096,0.8008093237876892,1
7832,0.446422815322876,0
63142,0.3751702308654785,0
32945,0.0010777361458167434,0
64032,0.0239725224673748,0
41290,0.0005511513445526361,0
93125,0.021150173619389534,0
16398,0.9057701230049133,1
93520,0.9395045638084412,1
56714,0.48977094888687134,0
62974,0.9901763796806335,1
54217,0.01515783928334713,0
58364,0.2324438840150833,0
16482,0.0006122780032455921,0
86052,0.8494181036949158,1
49537,0.7621813416481018,1
1735,0.0005987170152366161,0
32476,0.00834070798009634,0
56983,0.000773121602833271,0
64539,0.0713236853480339,0
62718,0.0005530149792321026,0
50968,0.09003869444131851,0
96432,0.010030175559222698,0
12980,0.9447061419487,1
94762,0.07544548064470291,0
87156,0.13332922756671906,0
95637,0.0005933399079367518,0
2619,0.7293511629104614,1
69702,0.8830673098564148,1
97615,0.0021511241793632507,0
98321,0.9408381581306458,1
85196,0.0007286730105988681,0
38290,0.1770339161157608,0
2451,0.004457469563931227,0
32701,0.0008518102113157511,0
65387,0.0019391314126551151,0
57109,0.00231193657964468,0
4386,0.6688124537467957,1
52163,0.9017497301101685,1
87061,0.0005063416319899261,0
18562,0.2082713395357132,0
57382,0.0008848761790432036,0
7918,0.0012357844971120358,0
1874,0.365860253572464,0
84973,0.003651749575510621,0
72045,0.03367454186081886,0
48251,0.030787872150540352,0
56491,0.0024866254534572363,0
65307,0.28612613677978516,0
80524,0.0722670778632164,0
28356,0.0006769374595023692,0
2437,0.0007756577688269317,0
82459,0.0009869603672996163,0
76853,0.13904474675655365,0
84032,0.007194311823695898,0
31250,0.9530097246170044,1
21867,0.5095900893211365,1
23087,0.0014561329735442996,0
19874,0.5626175999641418,1
4362,0.9808756113052368,1
32697,0.979780912399292,1
76540,0.9821840524673462,1
39820,0.0019034567521885037,0
52198,0.0009436309337615967,0
71534,0.0010052708676084876,0
37482,0.1265653371810913,0
90524,0.007034287787973881,0
20679,0.15265576541423798,0
6918,0.0012457031989470124,0
1738,0.8227235078811646,1
91078,0.07742717862129211,0
64310,0.0015915775438770652,0
35947,0.05649002268910408,0
40527,0.06529095768928528,0
97624,0.00169792037922889,0
54689,0.0040200697258114815,0
41309,0.9797177910804749,1
78021,0.002567752031609416,0
32796,0.02726488932967186,0
12768,0.000543748727068305,0
5769,0.0005958935944363475,0
10837,0.0006064683548174798,0
3526,0.6110971570014954,1
18792,0.9960685968399048,1
58423,0.030664702877402306,0
13724,0.0032196033280342817,0
28350,0.0013922150246798992,0
24018,0.34992846846580505,0
64150,0.0090860640630126,0
29473,0.019326522946357727,0
26837,0.0006947081419639289,0
82159,0.016639407724142075,0
23469,0.0009971875697374344,0
10875,0.0005989715573377907,0
65243,0.0010525579564273357,0
18752,0.0008614693069830537,0
2349,0.000825447088573128,0
47912,0.0006924287881702185,0
30476,0.0824841856956482,0
65123,0.0006658895290456712,0
87954,0.0009704036056064069,0
38652,0.004988192114979029,0
72619,0.9279223084449768,1
24107,0.0008469167514704168,0
82451,0.0013067811960354447,0
32791,0.0005427302094176412,0
92074,0.9782170057296753,1
1285,0.09692872315645218,0
63792,0.0015992122935131192,0
81932,0.0028498892206698656,0
5768,0.7652469277381897,1
34965,0.0005451521137729287,0
27053,0.0006470142398029566,0
35498,0.0015529609518125653,0
45082,0.0011703739874064922,0
49261,0.0010240268893539906,0
39064,0.152552530169487,0
23741,0.0014820103533565998,0
46153,0.011515441350638866,0
92084,0.0017344142543151975,0
38297,0.00088186573702842,0
96215,0.0013860726030543447,0
91573,0.0012920689769089222,0
82057,0.0006591001874767244,0
38762,0.0009029300417751074,0
7245,0.9779332876205444,1
95863,0.372566819190979,0
43591,0.005426418501883745,0
82604,0.05136994644999504,0
3149,0.42441898584365845,0
18506,0.002390248002484441,0
16052,0.0011839451035484672,0
26731,0.0005544587038457394,0
72016,0.006913627032190561,0
19084,0.24678801000118256,0
21456,0.0006225383840501308,0
93758,0.11450124531984329,0
39217,0.0016474582953378558,0
21596,0.29534292221069336,0
72150,0.004950372036546469,0
78652,0.9592499136924744,1
30529,0.004761287942528725,0
45701,0.0005546247703023255,0
65827,0.012728352099657059,0
85306,0.0006916585261933506,0
68902,0.022784505039453506,0
27681,0.0007397240842692554,0
34905,0.7355946898460388,1
83942,0.0006894847028888762,0
68519,0.0011066666338592768,0
94037,0.03495724871754646,0
9418,0.0007141410023905337,0
63152,0.02119102142751217,0
86749,0.0005910443724133074,0
59276,0.16377459466457367,0
17029,0.000952310161665082,0
96315,0.0006534807034768164,0
41207,0.8876985311508179,1
20796,0.0007819303427822888,0
49731,0.0063841030932962894,0
10629,0.003923044074326754,0
43069,0.2472442239522934,0
14567,0.4701332747936249,0
73820,0.0005645132623612881,0
3571,0.005435237195342779,0
2149,0.6418019533157349,1
92680,0.026516811922192574,0
48632,0.18367886543273926,0
94681,0.005783111322671175,0
63509,0.000791436992585659,0
49238,0.003952340688556433,0
14732,0.0007071074214763939,0
43098,0.8742949962615967,1
10973,0.1883891522884369,0
21938,0.0009479689178988338,0
73608,0.0013775567058473825,0
20178,0.4363744258880615,0
18603,0.9276639223098755,1
63172,0.0040089450776577,0
65209,0.005000509787350893,0
94253,0.001701339497230947,0
35401,0.0016822306206449866,0
75406,0.0016221128171309829,0
52376,0.0012496927520260215,0
91427,0.03014424629509449,0
31540,0.0006602986250072718,0
38576,0.0006173659930936992,0
57468,0.001180351129733026,0
63529,0.0005015576025471091,0
5728,0.0011910920729860663,0
19357,0.15730491280555725,0
12560,0.9885622262954712,1
86420,0.0759924054145813,0
43892,0.001195114804431796,0
82731,0.0019114272436127067,0
81067,0.00062854791758582,0
52410,0.0006733631598763168,0
4293,0.0006714551127515733,0
71965,0.0004539302026387304,0
14862,0.018739327788352966,0
14762,0.9485962390899658,1
20871,0.9536952376365662,1
72649,0.0024362504482269287,0
42951,0.00136041478253901,0
19387,0.02282881923019886,0
79152,0.05250321701169014,0
8215,0.0015116638969630003,0
23685,0.0005794905009679496,0
46897,0.0005426332354545593,0
10782,0.002309958916157484,0
69845,0.013715513981878757,0
64189,0.0007177858497016132,0
72948,0.0005399310030043125,0
31685,0.0027211636770516634,0
20941,0.0005659894668497145,0
3618,0.0008563811425119638,0
57641,0.0027033851947635412,0
52369,0.03791600838303566,0
38456,0.001274253474548459,0
40589,0.0012698699720203876,0
8346,0.0005706871161237359,0
39657,0.0006054132245481014,0
57614,0.0005621963064186275,0
72854,0.0006997421733103693,0
36198,0.0006241650553420186,0
21380,0.004638069309294224,0
73092,0.04258609190583229,0
38920,0.1389969140291214,0
50284,0.19623076915740967,0
26481,0.0016225128201767802,0
29746,0.002063628053292632,0
57980,0.1480514407157898,0
51962,0.0009330555913038552,0
30821,0.4245712161064148,0
30264,0.0012695046607404947,0
34519,0.000563622685149312,0
13287,0.002429747488349676,0
20579,0.0015174673171713948,0
20831,0.21375013887882233,0
13078,0.018617210909724236,0
65034,0.0007800987805239856,0
90726,0.004882768262177706,0
42689,0.05483367666602135,0
81460,0.0009407135075889528,0
57243,0.5435140132904053,1
8943,0.0012688363203778863,0
51396,0.0005311979330144823,0
82701,0.0017272316617891192,0
61548,0.0016637546941637993,0
15637,0.009313110262155533,0
87136,0.0005718530737794936,0
82716,0.0009089563391171396,0
81496,0.0006892370292916894,0
37821,0.1462152600288391,0
43820,0.0012546470388770103,0
64250,0.025278840214014053,0
20173,0.02954496443271637,0
98604,0.0011911495821550488,0
56701,0.0006796135567128658,0
8427,0.0007985096308402717,0
58012,0.007537963800132275,0
19402,0.005030358675867319,0
30765,0.0006092701223678887,0
5763,0.0010660396656021476,0
26348,0.0016307288315147161,0
52879,0.002396281575784087,0
79816,0.3707229495048523,0
10723,0.005252379458397627,0
71395,0.005067539867013693,0
26107,0.0006688622524961829,0
98541,0.2374662160873413,0
5627,0.014974012039601803,0
27845,0.008696884848177433,0
95348,0.0005934439250268042,0
21584,0.0015738043002784252,0
79586,0.21536748111248016,0
76490,0.0017242415342479944,0
67825,0.0017973087960854173,0
4967,0.06416045129299164,0
42567,0.0015790776815265417,0
86904,0.0005125768366269767,0
5346,0.030707264319062233,0
96137,0.0013181926915422082,0
46890,0.23693375289440155,0
19386,0.0011524689616635442,0
92386,0.0017057752702385187,0
93526,0.0007442200439982116,0
56893,0.0007483114022761583,0
90235,0.9369466304779053,1
13672,0.06271205842494965,0
37810,0.000724941783118993,0
92584,0.8738696575164795,1
45293,0.0485125333070755,0
92653,0.012029455043375492,0
18409,0.08194305002689362,0
71032,0.05181074142456055,0
47562,0.016056593507528305,0
20674,0.9485824704170227,1
29468,0.0007033277652226388,0
72401,0.9964948296546936,1
2436,0.08657021075487137,0
87320,0.3749016523361206,0
1594,0.0008163732127286494,0
15932,0.00479576550424099,0
15230,0.0009352200431749225,0
95647,0.001989413285627961,0
20613,0.12320933490991592,0
40587,0.06992431730031967,0
59187,0.03273002803325653,0
4869,0.0056638591922819614,0
86952,0.0037183966487646103,0
61592,0.00191784487105906,0
51806,0.0014844622928649187,0
73546,0.0011650171363726258,0
7213,0.0007686445023864508,0
13702,0.12502580881118774,0
94318,0.008390719071030617,0
7426,0.08537270873785019,0
81647,0.0010546984849497676,0
80921,0.0006055597914382815,0
57698,0.0031493993010371923,0
3179,0.003416983410716057,0
3174,0.25962379574775696,0
98621,0.9783989787101746,1
15389,0.2324496954679489,0
6947,0.0005071367486380041,0
38524,0.649592936038971,1
13540,0.015882287174463272,0
2794,0.0015054023824632168,0
92631,0.0011335948947817087,0
86490,0.0007369539816863835,0
16925,0.0009823499713093042,0
86235,0.0011208181967958808,0
30281,0.046671174466609955,0
67140,0.0007492001168429852,0
58341,0.7286743521690369,1
52680,0.8123311996459961,1
9256,0.2726227045059204,0
72961,0.0008074186043813825,0
8725,0.0004782737814821303,0
39428,0.0006635018507950008,0
83294,0.03138051554560661,0
8132,0.0008180950535461307,0
54097,0.0005804894026368856,0
23597,0.0035769122187048197,0
78953,0.000677896779961884,0
50374,0.0014060181565582752,0
75609,0.0006690702284686267,0
64810,0.1778583973646164,0
42389,0.0005643739714287221,0
83029,0.0010806724894791842,0
51672,0.0008210611413232982,0
93705,0.009058687835931778,0
80216,0.0010160990059375763,0
13420,0.0012500296579673886,0
80249,0.9274852871894836,1
87904,0.0013335085241124034,0
97421,0.6541457772254944,1
67538,0.0009716960485093296,0
82903,0.026287076994776726,0
74396,0.11215949058532715,0
71094,0.049123235046863556,0
37261,0.002385025378316641,0
27380,0.00109643186442554,0
87095,0.0008457091171294451,0
95321,0.0009666548576205969,0
49865,0.007276270538568497,0
93167,0.0023207401391118765,0
73501,0.09767597168684006,0
9578,0.011092396453022957,0
50869,0.07680786401033401,0
58694,0.740776777267456,1
73802,0.9746579527854919,1
54836,0.9464770555496216,1
32546,0.09374652057886124,0
71092,0.936241090297699,1
10486,0.16768144071102142,0
70326,0.18689101934432983,0
3165,0.0009246754343621433,0
70682,0.0016396099235862494,0
49801,0.8784883618354797,1
41269,0.0005022641853429377,0
97506,0.08242516219615936,0
68915,0.10846325010061264,0
76120,0.002077813260257244,0
93284,0.07372241467237473,0
41930,0.8789633512496948,1
36908,0.0011492309859022498,0
65130,0.13595713675022125,0
5238,0.02657509408891201,0
57943,0.5032733678817749,1
6958,0.0008705141954123974,0
12960,0.002048461465165019,0
94803,0.32949885725975037,0
82137,0.8281596302986145,1
15340,0.018627963960170746,0
16840,0.0063100457191467285,0
84052,0.0030456376262009144,0
84627,0.04860181361436844,0
57324,0.9973836541175842,1
67912,0.46540939807891846,0
10756,0.9000892043113708,1
25940,0.00109037384390831,0
60281,0.058046258985996246,0
65482,0.0007949655409902334,0
4973,0.15021353960037231,0
90637,0.3757981061935425,0
89032,0.6688200831413269,1
36194,0.0006964865024201572,0
30547,0.7999219298362732,1
74358,0.07659463584423065,0
1425,0.28970155119895935,0
13825,0.07828938215970993,0
89230,0.9866350293159485,1
97621,0.0011756254825741053,0
30621,0.0006936805439181626,0
83401,0.28714650869369507,0
49180,0.0018493991810828447,0
67520,0.000706584076397121,0
98143,0.024915112182497978,0
6829,0.17008890211582184,0
10697,0.9872375726699829,1
3876,0.0009122872143052518,0
13587,0.001967210089787841,0
94528,0.08340953290462494,0
19264,0.016489729285240173,0
92418,0.11829997599124908,0
75493,0.0006497034337371588,0
61074,0.0008026849827729166,0
39762,0.0011374099412932992,0
27456,0.0022806343622505665,0
59214,0.029777539893984795,0
13572,0.2252359241247177,0
25974,0.8979763984680176,1
42381,0.0036662647034972906,0
14729,0.0011020960519090295,0
62917,0.0006729474407620728,0
46015,0.001116485334932804,0
73916,0.42267221212387085,0
25681,0.0025989667046815157,0
78962,0.001625329372473061,0
28493,0.0025714135263115168,0
76809,0.000579422281589359,0
5142,0.009006675332784653,0
28176,0.0007703955634497106,0
13457,0.047239966690540314,0
17590,0.0007432356360368431,0
20591,0.0016823323676362634,0
16385,0.0024405617732554674,0
94651,0.0008744769147597253,0
29617,0.0013243852881714702,0
78946,0.001987329451367259,0
54863,0.0018635704182088375,0
16803,0.7383167147636414,1
21037,0.0385768823325634,0
48195,0.015121913515031338,0
19560,0.007257735822349787,0
35768,0.0009652545559220016,0
2486,0.0006194388261064887,0
67302,0.0006834000814706087,0
78026,0.07042805850505829,0
10469,0.7180032134056091,1
54168,0.008273581974208355,0
60239,0.003181088948622346,0
69812,0.0008520407718606293,0
24365,0.5156608819961548,1
96308,0.00100400869268924,0
91824,0.0007242937572300434,0
2641,0.06716258078813553,0
80536,0.0018165437504649162,0
72684,0.6343878507614136,1
1674,0.07044319808483124,0
60742,0.000521603156812489,0
37680,0.07842685282230377,0
61893,0.741477906703949,1
17254,0.0006498852744698524,0
61972,0.007228977512568235,0
3125,0.006565412040799856,0
12640,0.0008766685496084392,0
16085,0.061216406524181366,0
57028,0.012459148652851582,0
90627,0.0006342330598272383,0
64912,0.0013387983199208975,0
41508,0.04646078869700432,0
4317,0.043710414320230484,0
27154,0.006776303984224796,0
48105,0.9257099628448486,1
91870,0.7724978923797607,1
49315,0.001519857789389789,0
89476,0.005718023516237736,0
84092,0.0005910737090744078,0
12578,0.020350225269794464,0
92561,0.00296236970461905,0
17538,0.0008390032453462481,0
38602,0.0007555150659754872,0
60924,0.007679198868572712,0
43157,0.0012730282032862306,0
76492,0.0009710555314086378,0
82713,0.0017973396461457014,0
95813,0.2754136323928833,0
18795,0.0016781736630946398,0
54698,0.004162890370935202,0
95476,0.00104880693834275,0
57864,0.001096478314138949,0
67108,0.0018427191535010934,0
90158,0.0009647691040299833,0
24569,0.7039269804954529,1
53871,0.688468337059021,1
76942,0.4076043367385864,0
19470,0.0024238210171461105,0
90352,0.0014959395630285144,0
16245,0.01373977493494749,0
12703,0.000929155561607331,0
8794,0.004580147098749876,0
34625,0.24394355714321136,0
14289,0.0015364944702014327,0
53176,0.001127160037867725,0
12769,0.0038241019938141108,0
87064,0.0010412257397547364,0
17036,0.04330294206738472,0
2697,0.000793640676420182,0
25714,0.13460418581962585,0
50762,0.9735252261161804,1
97638,0.0007361116586253047,0
71069,0.8755706548690796,1
85740,0.0005641168681904674,0
9175,0.0007603202830068767,0
72096,0.02806880511343479,0
89351,0.10349709540605545,0
27510,0.9727299213409424,1
24360,0.2633167803287506,0
38150,0.010141563601791859,0
65439,0.006794190499931574,0
71260,0.0006024878821335733,0
65714,0.000540312787052244,0
29015,0.0005554198287427425,0
64357,0.03295937925577164,0
60972,0.2948896288871765,0
82473,0.6162807941436768,1
19257,0.00113759096711874,0
65937,0.0036582264583557844,0
91680,0.009296761825680733,0
90367,0.0005654524429701269,0
69570,0.000741408730391413,0
42103,0.0016470912378281355,0
15069,0.000778975838329643,0
32690,0.002652133349329233,0
48329,0.2762172818183899,0
30126,0.003499940736219287,0
13706,0.0008624770562164485,0
94753,0.0008936874219216406,0
71653,0.0014346158131957054,0
26915,0.15602661669254303,0
69127,0.000858998391777277,0
49605,0.0028708092868328094,0
39857,0.0011365825776010752,0
80526,0.0014612101949751377,0
72563,0.0016133892349898815,0
36907,0.0037922225892543793,0
90173,0.11462494730949402,0
75108,0.0012698305072262883,0
72091,0.9693886041641235,1
89624,0.9825181365013123,1
3761,0.0006089354283176363,0
89657,0.0008651470998302102,0
18647,0.014759805984795094,0
32857,0.04711608961224556,0
31598,0.4944674074649811,0
59642,0.13724222779273987,0
94601,0.0038862000219523907,0
90682,0.0013630501925945282,0
53094,0.1557825207710266,0
7369,0.014874455519020557,0
35679,0.9782312512397766,1
75926,0.0019182476680725813,0
31642,0.2525548040866852,0
20369,0.022563250735402107,0
38594,0.0009248168207705021,0
97651,0.005748929921537638,0
49782,0.7516987919807434,1
4258,0.001313245389610529,0
54693,0.0008785651298239827,0
7524,0.41269147396087646,0
2193,0.0047548068687319756,0
47210,0.0009403693838976324,0
28497,0.0011414270848035812,0
21367,0.26981428265571594,0
86920,0.0011201121378690004,0
18563,0.0007847624947316945,0
16459,0.010623954236507416,0
35081,0.0005408901488408446,0
3857,0.0007210619514808059,0
89173,0.0021790452301502228,0
68927,0.003987873904407024,0
49318,0.0012330602621659636,0
2569,0.6494264006614685,1
97053,0.0019423271296545863,0
39172,0.0006617936305701733,0
29310,0.987052857875824,1
24160,0.005639169365167618,0
12350,0.0008274551946669817,0
75246,0.9382038116455078,1
12806,0.0006457409472204745,0
96382,0.000717147602699697,0
43586,0.005176263861358166,0
40376,0.0022843568585813046,0
34807,0.05155732482671738,0
79435,0.010475321672856808,0
79524,0.11225148290395737,0
67158,0.0017910848837345839,0
36019,0.003194538177922368,0
90163,0.0008098516263999045,0
70428,0.0009026689804159105,0
18459,0.03767094761133194,0
18250,0.0542682409286499,0
95362,0.08810912817716599,0
97582,0.0005683351191692054,0
72163,0.3769091069698334,0
89345,0.03323108330368996,0
9348,0.0006006872281432152,0
75469,0.0009953593835234642,0
59403,0.8144524097442627,1
73286,0.0008815335459075868,0
27063,0.0007501467480324209,0
30581,0.7889146208763123,1
49081,0.06739503145217896,0
62150,0.504194438457489,1
30921,0.9917150139808655,1
12506,0.007098195608705282,0
75631,0.003340688068419695,0
57086,0.03214407339692116,0
10532,0.18205000460147858,0
23168,0.008411029353737831,0
95014,0.0005089667392894626,0
60527,0.04486903175711632,0
38120,0.0055221193470060825,0
40361,0.000893825781531632,0
71560,0.0013448571553453803,0
95164,0.00137133221141994,0
98217,0.004743231926113367,0
8914,0.0022305843885987997,0
97154,0.0006949694361537695,0
61385,0.0633322224020958,0
90276,0.0013013583375141025,0
30216,0.0007134400075301528,0
16370,0.0010116921039298177,0
57632,0.002634110627695918,0
50731,0.17641623318195343,0
74896,0.005234810058027506,0
59827,0.042588941752910614,0
58260,0.1590334177017212,0
95413,0.9921993613243103,1
18023,0.0011711567640304565,0
24308,0.9560406804084778,1
46390,0.0013135818298906088,0
12367,0.319463312625885,0
71098,0.001419107778929174,0
45791,0.001008892199024558,0
34509,0.0072855520993471146,0
71298,0.000731702137272805,0
57410,0.0004469747073017061,0
85943,0.016615118831396103,0
7168,0.0006108970264904201,0
29876,0.000851112068630755,0
56302,0.000533841666765511,0
27639,0.004668115172535181,0
73689,0.0010051131248474121,0
5296,0.007432969287037849,0
91805,0.08465732634067535,0
96370,0.0008194494294002652,0
37941,0.9782434701919556,1
94861,0.30480003356933594,0
32709,0.0007147598662413657,0
7214,0.0019044536165893078,0
37690,0.05457417294383049,0
6148,0.36640000343322754,0
81379,0.0008818788337521255,0
19034,0.26195889711380005,0
39851,0.0007947428966872394,0
29073,0.0009231049916706979,0
14068,0.0007990862359292805,0
12934,0.0209469236433506,0
65401,0.09843426197767258,0
89216,0.000593237578868866,0
85104,0.05668535828590393,0
51409,0.0011069243773818016,0
31987,0.0005948307225480676,0
27908,0.0007743071764707565,0
65347,0.0011497752275317907,0
61924,0.0007318400894291699,0
40165,0.0013539018109440804,0
19873,0.13099659979343414,0
36129,0.08165189623832703,0
14365,0.2323455959558487,0
80631,0.0007079735514707863,0
84720,0.0017119835829362273,0
84270,0.9405431151390076,1
58297,0.0013270607450976968,0
89647,0.0008626111084595323,0
59268,0.0011033439077436924,0
75048,0.03684084489941597,0
36170,0.16824543476104736,0
51308,0.1482955515384674,0
36195,0.03497263044118881,0
10794,0.014784797094762325,0
37056,0.755058765411377,1
40198,0.0011766018578782678,0
89435,0.986467719078064,1
23658,0.0017080033430829644,0
12845,0.000802626134827733,0
42038,0.0011958833783864975,0
57340,0.0038130481261759996,0
56309,0.0012008476769551635,0
95068,0.0360199436545372,0
4785,0.06169923022389412,0
79805,0.9596603512763977,1
17529,0.0008011803729459643,0
37648,0.0005063918652012944,0
90362,0.008236588910222054,0
16430,0.9704670906066895,1
39758,0.0024397934321314096,0
5983,0.0009003789164125919,0
46738,0.08740848302841187,0
81605,0.8013470768928528,1
60852,0.000600259518250823,0
8361,0.10708557814359665,0
17298,0.0012605200754478574,0
62784,0.0008220811723731458,0
19306,0.0006420264253392816,0
97246,0.08046559244394302,0
2578,0.003664234187453985,0
97528,0.9826536774635315,1
39074,0.0022921795025467873,0
57146,0.02552895061671734,0
39672,0.06816700100898743,0
84752,0.0022666307631880045,0
81205,0.0018125338247045875,0
42305,0.7483816146850586,1
30127,0.0011443686671555042,0
67532,0.0005922105046920478,0
87654,0.4406948387622833,0
82453,0.000998989911749959,0
20846,0.0010283171432092786,0
60123,0.0017284768400713801,0
3196,0.8429064154624939,1
79504,0.20413531363010406,0
34685,0.0005131377838551998,0
18965,0.0007212861091829836,0
89317,0.0006792463827878237,0
52786,0.18159151077270508,0
9643,0.0018642268842086196,0
26785,0.0008845743141137064,0
21349,0.4094042181968689,0
1397,0.000860934320371598,0
98274,0.013714544475078583,0
65281,0.0007635403308086097,0
42059,0.015587501227855682,0
79340,0.13344277441501617,0
15927,0.8526127338409424,1
93105,0.0019266328308731318,0
92147,0.3801528513431549,0
13978,0.4281502068042755,0
56038,0.04850616678595543,0
74105,0.0022916137240827084,0
62907,0.18863798677921295,0
71439,0.7033380270004272,1
71805,0.0009197767358273268,0
4853,0.19582271575927734,0
58601,0.9106099605560303,1
39710,0.0007184541318565607,0
59873,0.4001924395561218,0
54368,0.9458498358726501,1
1358,0.15601561963558197,0
36589,0.0006903388421051204,0
72980,0.0007107864948920906,0
37962,0.0005730452830903232,0
42068,0.0013215340441092849,0
32091,0.9405044317245483,1
41928,0.13905069231987,0
26138,0.0006537513108924031,0
53462,0.0010040116030722857,0
52806,0.10322602838277817,0
72491,0.000652291055303067,0
63974,0.0007402949267998338,0
4728,0.0006253374740481377,0
8539,0.05247001722455025,0
72409,0.2593936622142792,0
90326,0.17244508862495422,0
4269,0.5918936729431152,1
93015,0.0016167685389518738,0
23789,0.0013973143650218844,0
34267,0.038136135786771774,0
52084,0.001223586848936975,0
83709,0.0007479417836293578,0
24163,0.0007392378756776452,0
92517,0.0023717156145721674,0
68923,0.0212603360414505,0
75912,0.0010661280248314142,0
97146,0.3558143079280853,0
24837,0.0006593961734324694,0
18702,0.0017982491990551353,0
73054,0.0015662594232708216,0
80275,0.0005055005894973874,0
78542,0.0006028575589880347,0
29465,0.0015319377416744828,0
90713,0.07645689696073532,0
10789,0.0009676366462372243,0
9537,0.6753227710723877,1
57941,0.33127930760383606,0
62598,0.9911908507347107,1
26013,0.9940276145935059,1
71693,0.001481560175307095,0
45621,0.0008269661338999867,0
73254,0.006708939094096422,0
59870,0.0005609115469269454,0
58407,0.0013260463019832969,0
1893,0.5073323845863342,1
34065,0.26309242844581604,0
91048,0.0013184287818148732,0
79641,0.02792295627295971,0
4398,0.7579209208488464,1
42960,0.0006108882953412831,0
90185,0.00044785704812966287,0
31420,0.9727149605751038,1
92816,0.0007490405696444213,0
83106,0.3555304706096649,0
80654,0.7413101196289062,1
85061,0.675626814365387,1
49582,0.04134826362133026,0
49567,0.28455203771591187,0
10784,0.004565409384667873,0
51934,0.06983567774295807,0
83649,0.0006190434796735644,0
46508,0.0006003598100505769,0
13208,0.0007094607572071254,0
34527,0.0016872687265276909,0
39274,0.0012562638148665428,0
67281,0.13305702805519104,0
16375,0.0005145121249370277,0
29364,0.000582556240260601,0
84307,0.0014613053062930703,0
1926,0.0011175760300830007,0
15928,0.0018415491795167327,0
27491,0.0006558806635439396,0
9528,0.7903680801391602,1
71548,0.05295306816697121,0
8726,0.13630641996860504,0
6278,0.0031312836799770594,0
25130,0.0007596879731863737,0
85406,0.0017191815422847867,0
86430,0.07792593538761139,0
14907,0.0032558711245656013,0
2957,0.002185736782848835,0
14673,0.1358756422996521,0
17382,0.05613737180829048,0
71856,0.0006464269245043397,0
29345,0.3808499276638031,0
50691,0.0008278645691461861,0
70198,0.01923113688826561,0
60821,0.0005705636576749384,0
41768,0.03341281786561012,0
18075,0.001471627620048821,0
49031,0.0009770110482349992,0
54176,0.914546549320221,1
68304,0.9855266809463501,1
62584,0.5982300043106079,1
93106,0.19003967940807343,0
49638,0.01030306238681078,0
37469,0.9546229839324951,1
97063,0.6671833395957947,1
51346,0.0005667155492119491,0
43058,0.10296515375375748,0
96174,0.00554762315005064,0
92810,0.05110504850745201,0
10387,0.020997602492570877,0
73489,0.01127555314451456,0
50714,0.8939249515533447,1
82360,0.009361040778458118,0
25138,0.0013296238612383604,0
25839,0.6269165873527527,1
54209,0.005527193658053875,0
39871,0.4984646439552307,0
42875,0.028126804158091545,0
43021,0.0008227418875321746,0
59762,0.0014477347722277045,0
7642,0.0005371872102841735,0
87945,0.0066457474604249,0
2164,0.0005976565298624337,0
39284,0.001733823330141604,0
93754,0.16475795209407806,0
31526,0.850179135799408,1
3587,0.0005647005746141076,0
28394,0.002076741773635149,0
92346,0.0008093625656329095,0
37916,0.005705423187464476,0
47839,0.38430413603782654,0
10542,0.03472999110817909,0
58936,0.0008096394594758749,0
71352,0.0010430067777633667,0
34281,0.0006536772125400603,0
